{
  "random_forest": {
    "train_accuracy": 0.9507278835386338,
    "test_accuracy": 0.6762402088772846,
    "params": {
      "n_estimators": 100,
      "max_depth": 10
    }
  },
  "svm": {
    "train_accuracy": 0.5750279955207167,
    "test_accuracy": 0.43733681462140994,
    "params": {
      "C": 10.0,
      "kernel": "rbf"
    }
  },
  "xgboost": {
    "train_accuracy": 0.9815229563269877,
    "test_accuracy": 0.7310704960835509,
    "params": {
      "n_estimators": 100,
      "max_depth": 6,
      "learning_rate": 0.1
    }
  }
}